"DESCRIPTION","DURATION IN MS","NAME","PARENT SUITE","START TIME","STATUS","STOP TIME","SUB SUITE","SUITE","TEST CLASS","TEST METHOD"
"","383","Sorts products by name from A to Z","chromium","2026-10-08","passed","2026-10-08","","sorting.spec.ts","",""
"","1966","Adds a product to the cart and updates the badge","firefox","2026-10-08","passed","2026-10-08","","cart.spec.ts","",""
"","1301","Sorts products by price descending","firefox","2026-10-08","passed","2026-10-08","","sorting.spec.ts","",""
"","17082","Adds a product to the cart and updates the badge","webkit","2026-10-08","passed","2026-10-08","","cart.spec.ts","",""
"","678","Lands on the inventory page with valid credentials","firefox","2026-10-08","passed","2026-10-08","","login.spec.ts","",""
"","357","Sorts products by price descending","chromium","2026-10-08","passed","2026-10-08","","sorting.spec.ts","",""
"","1110","Shows an error when the postal code is missing","firefox","2026-10-08","passed","2026-10-08","","checkout.spec.ts","",""
"","737","Lands on the inventory page with valid credentials","webkit","2026-10-08","passed","2026-10-08","","login.spec.ts","",""
"","1233","Completes checkout with two products","firefox","2026-10-08","passed","2026-10-08","","checkout.spec.ts","",""
"","899","Sorts products by name from A to Z","firefox","2026-10-08","passed","2026-10-08","","sorting.spec.ts","",""
"","656","Shows an error for a locked out user","webkit","2026-10-08","passed","2026-10-08","","login.spec.ts","",""
"","673","Shows an error for a locked out user","firefox","2026-10-08","passed","2026-10-08","","login.spec.ts","",""
"","532","Opens the SauceDemo login page","firefox","2026-10-08","passed","2026-10-08","","smoke.spec.ts","",""
"","1579","Completes checkout with two products","webkit","2026-10-08","passed","2026-10-08","","checkout.spec.ts","",""
"","522","Opens the SauceDemo login page","webkit","2026-10-08","passed","2026-10-08","","smoke.spec.ts","",""
"","848","Sorts products by price descending","webkit","2026-10-08","passed","2026-10-08","","sorting.spec.ts","",""
"","340","Shows an error for a locked out user","chromium","2026-10-08","passed","2026-10-08","","login.spec.ts","",""
"","598","Shows an error when the postal code is missing","chromium","2026-10-08","passed","2026-10-08","","checkout.spec.ts","",""
"","504","authenticate","setup","2026-10-08","passed","2026-10-08","","auth.setup.ts","",""
"","308","Lands on the inventory page with valid credentials","chromium","2026-10-08","passed","2026-10-08","","login.spec.ts","",""
"","1190","Shows an error when the postal code is missing","webkit","2026-10-08","passed","2026-10-08","","checkout.spec.ts","",""
"","967","Sorts products by price ascending","firefox","2026-10-08","passed","2026-10-08","","sorting.spec.ts","",""
"","721","Completes checkout with two products","chromium","2026-10-08","passed","2026-10-08","","checkout.spec.ts","",""
"","936","Sorts products by price ascending","webkit","2026-10-08","passed","2026-10-08","","sorting.spec.ts","",""
"","471","Adds a product to the cart and updates the badge","chromium","2026-10-08","passed","2026-10-08","","cart.spec.ts","",""
"","229","Opens the SauceDemo login page","chromium","2026-10-08","passed","2026-10-08","","smoke.spec.ts","",""
"","392","Sorts products by price ascending","chromium","2026-10-08","passed","2026-10-08","","sorting.spec.ts","",""
"","1506","Sorts products by name from A to Z","webkit","2026-10-08","passed","2026-10-08","","sorting.spec.ts","",""
